"","ID","Description","GeneRatio","BgRatio","RichFactor","FoldEnrichment","zScore","pvalue","p.adjust","qvalue","geneID","Count"
"GO:0005581","GO:0005581","collagen trimer","25/51","131/8911",0.190839694656489,33.3445591977249,28.2941535322812,2.50676353018432e-33,6.76826153149767e-32,5.80513659621632e-32,"bli-1/bli-2/bli-6/col-14/col-17/col-41/col-46/col-48/col-63/col-73/col-104/col-110/col-111/col-138/col-173/col-175/col-176/dpy-4/dpy-5/dpy-8/dpy-13/lon-3/rol-6/rol-8/sqt-2",25
"GO:0030312","GO:0030312","external encapsulating structure","8/51","82/8911",0.0975609756097561,17.0463892874223,11.074791811855,1.67843393014308e-08,1.51059053712877e-07,1.29563320923326e-07,"bli-1/bli-2/dpy-5/dpy-13/lon-3/rol-6/wrt-4/wrt-6",8
"GO:0031012","GO:0031012","extracellular matrix","7/51","79/8911",0.0886075949367089,15.482005460412,9.80888858218985,2.7807169918434e-07,1.87698396949429e-06,1.60988878475144e-06,"bli-1/dpy-5/dpy-13/lon-3/rol-6/wrt-4/wrt-6",7
"GO:0060102","GO:0060102","collagen and cuticulin-based cuticle extracellular matrix","5/51","15/8911",0.333333333333333,58.2418300653595,16.8332832619281,1.44462442540054e-08,1.51059053712877e-07,1.29563320923326e-07,"bli-1/dpy-5/dpy-13/lon-3/rol-6",5
"GO:0062023","GO:0062023","collagen-containing extracellular matrix","5/51","56/8911",0.0892857142857143,15.6004901960784,8.31522962716543,1.53994268616999e-05,8.31569050531796e-05,7.13236612541892e-05,"bli-1/dpy-5/dpy-13/lon-3/rol-6",5
