"","ID","Description","GeneRatio","BgRatio","RichFactor","FoldEnrichment","zScore","pvalue","p.adjust","qvalue","geneID","Count"
"GO:0005581","GO:0005581","collagen trimer","35/91","140/9874",0.25,27.1263736263736,30.026638685514,2.11179604323462e-42,1.05589802161731e-40,9.11406713395994e-41,"bli-1/bli-2/bli-6/col-17/col-41/col-48/col-63/H17B01.2/col-73/col-77/col-79/col-97/col-104/col-109/col-110/col-120/col-130/col-138/col-152/col-169/col-173/col-175/col-176/dpy-3/dpy-4/dpy-5/dpy-8/dpy-9/dpy-13/lon-3/rol-1/rol-6/rol-8/sqt-1/sqt-2",35
"GO:0000786","GO:0000786","nucleosome","6/91","59/9874",0.101694915254237,11.0344570683554,7.45562354139972,1.57901165048696e-05,0.000263168608414493,0.000227156061999878,"his-9/his-15/his-25/his-51/his-65/his-70",6
"GO:0032993","GO:0032993","protein-DNA complex","6/91","82/9874",0.0731707317073171,7.9394264272313,6.08560888571747,0.000103567416932252,0.00129459271165315,0.00111743791953219,"his-9/his-15/his-25/his-51/his-65/his-70",6
"GO:0030312","GO:0030312","external encapsulating structure","6/91","86/9874",0.0697674418604651,7.5701507794531,5.90183168374482,0.000135020394421776,0.00135020394421776,0.00116543919395639,"bli-1/bli-2/dpy-5/dpy-13/lon-3/rol-6",6
"GO:0060102","GO:0060102","collagen and cuticulin-based cuticle extracellular matrix","5/91","15/9874",0.333333333333333,36.1684981684982,13.1459584951239,1.661768157109e-07,4.15442039277249e-06,3.58592076007731e-06,"bli-1/dpy-5/dpy-13/lon-3/rol-6",5
"GO:0062023","GO:0062023","collagen-containing extracellular matrix","5/91","57/9874",0.087719298245614,9.51802583381531,6.22008361914244,0.000170809872553959,0.00142341560461633,0.0012286324166162,"bli-1/dpy-5/dpy-13/lon-3/rol-6",5
"GO:0031012","GO:0031012","extracellular matrix","5/91","83/9874",0.0602409638554217,6.53647557262015,4.88504025572402,0.000981600566652507,0.00701143261894648,0.00605197341845906,"bli-1/dpy-5/dpy-13/lon-3/rol-6",5
